<?xml version="1.0" encoding="UTF-8"?>
<metadata xml:lang="zh"><Esri><CreaDate>20240121</CreaDate><CreaTime>22283700</CreaTime><ArcGISFormat>1.0</ArcGISFormat><SyncOnce>TRUE</SyncOnce><DataProperties><itemProps><itemLocation><linkage Sync="TRUE">file://\\DESKTOP-I5ST16A\H$\anaconda3\envs\gee\王乐平数据\result\南方海草床5个区域2019-2022\seagrass_yifengxi_2020_shp</linkage><protocol Sync="TRUE">Local Area Network</protocol></itemLocation></itemProps><copyHistory><copy source="H:\anaconda3\envs\gee\王乐平数据\result\seagrass_newshp\seagrass_newshp\seagrass_yifengxi_2020_shp" dest="\\DESKTOP-I5ST16A\H$\anaconda3\envs\gee\王乐平数据\result\南方海草床5个区域2019-2022\seagrass_yifengxi_2020_shp" date="20240121" time="22283700"></copy></copyHistory></DataProperties></Esri></metadata>
