<?xml version="1.0" encoding="UTF-8"?>
<metadata xml:lang="zh"><Esri><CreaDate>20250628</CreaDate><CreaTime>09525100</CreaTime><ArcGISFormat>1.0</ArcGISFormat><SyncOnce>TRUE</SyncOnce><DataProperties><itemProps><itemLocation><linkage Sync="TRUE">file://\\DESKTOP-4PISSJE\E$\DOCTOR\2024-2025\毕业论文遥感影像\导出图\统计图\第二章图\蓝碳连续体英文作图-0513\儋州湾\commondata\seagrass_shp_2020\seagrass_xinyingharbor_2020_shp</linkage><protocol Sync="TRUE">Local Area Network</protocol></itemLocation></itemProps><copyHistory><copy source="E:\DOCTOR\2024-2025\毕业论文遥感影像\导出图\统计图\潮沟细图\0303\seagrass_shp_2020\seagrass_shp_2020\seagrass_xinyingharbor_2020_shp" dest="\\DESKTOP-4PISSJE\E$\DOCTOR\2024-2025\毕业论文遥感影像\导出图\统计图\第二章图\蓝碳连续体英文作图-0513\儋州湾\commondata\seagrass_shp_2020\seagrass_xinyingharbor_2020_shp" date="20250513" time="15145800"></copy></copyHistory></DataProperties></Esri></metadata>
